{
  "project_info": {
    "project_number": "927631928365",
    "firebase_url": "https://doitappfin.firebaseio.com",
    "project_id": "doitappfin",
    "storage_bucket": "doitappfin.appspot.com"
  },
  "client": [
    {
      "client_info": {
        "mobilesdk_app_id": "1:927631928365:android:da535733f8faf15e",
        "android_client_info": {
          "package_name": "com.example.doitappfin"
        }
      },
      "oauth_client": [
        {
          "client_id": "927631928365-sc45apblsmuoo1ss0l2kdice7soevfsu.apps.googleusercontent.com",
          "client_type": 1,
          "android_info": {
            "package_name": "com.example.doitappfin",
            "certificate_hash": "ee3d27e8fee8a08deef6c1b77e636d60b3ed1aeb"
          }
        },
        {
          "client_id": "927631928365-efsvacq0lreske59s1mgid8qdskp9otq.apps.googleusercontent.com",
          "client_type": 1,
          "android_info": {
            "package_name": "com.example.doitappfin",
            "certificate_hash": "4661ce21228d7b3b4b0164e7acd22080797cb455"
          }
        },
        {
          "client_id": "927631928365-mno25edufvrbhauqjgrehd1efhocr811.apps.googleusercontent.com",
          "client_type": 3
        }
      ],
      "api_key": [
        {
          "current_key": "AIzaSyDnVA2iXW3ksyHpvAQxDOjHaOaeM_cA6Xs"
        }
      ],
      "services": {
        "appinvite_service": {
          "other_platform_oauth_client": [
            {
              "client_id": "927631928365-mno25edufvrbhauqjgrehd1efhocr811.apps.googleusercontent.com",
              "client_type": 3
            }
          ]
        }
      }
    }
  ],
  "configuration_version": "1"
}